Index,Task,Dataset,Method,TTFT,InputTokens,OutputTokens,Cost,TotalTime,ResponseFile,LogTime
1,REASONING,QATS-4,Window,1.4390456676483154,547,27,0.000601,2.3658390045166016,/Users/leeway/PycharmProjects/InfTS-LLM/datasets/QATS-4/predict-QATS-4/predict_response.log,2025-09-15 03:51:20
2,REASONING,QATS-4,Window,1.391731023788452,547,26,0.0005989999999999,2.3498129844665527,/Users/leeway/PycharmProjects/InfTS-LLM/datasets/QATS-4/predict-QATS-4/predict_response.log,2025-09-15 03:51:22
3,REASONING,QATS-4,Window,1.2922518253326416,547,29,0.000605,2.280901908874512,/Users/leeway/PycharmProjects/InfTS-LLM/datasets/QATS-4/predict-QATS-4/predict_response.log,2025-09-15 03:51:25
4,REASONING,QATS-4,Window,1.3831181526184082,547,29,0.000605,2.530690908432007,/Users/leeway/PycharmProjects/InfTS-LLM/datasets/QATS-4/predict-QATS-4/predict_response.log,2025-09-15 03:51:27
5,REASONING,QATS-4,Window,1.4400320053100586,547,27,0.000601,2.2154018878936768,/Users/leeway/PycharmProjects/InfTS-LLM/datasets/QATS-4/predict-QATS-4/predict_response.log,2025-09-15 03:51:30
6,REASONING,QATS-4,Window (+v),1.233128786087036,547,27,0.000601,2.1595940589904785,/Users/leeway/PycharmProjects/InfTS-LLM/datasets/QATS-4/predict-QATS-4/predict_response.log,2025-09-15 03:51:32
7,REASONING,QATS-4,Window (+v),7.241190195083618,547,27,0.000601,8.282340049743652,/Users/leeway/PycharmProjects/InfTS-LLM/datasets/QATS-4/predict-QATS-4/predict_response.log,2025-09-15 03:51:40
8,REASONING,QATS-4,Window (+v),6.310273885726929,547,29,0.000605,7.210160970687866,/Users/leeway/PycharmProjects/InfTS-LLM/datasets/QATS-4/predict-QATS-4/predict_response.log,2025-09-15 03:51:47
9,REASONING,QATS-4,Window (+v),6.269988775253296,547,27,0.000601,7.201620101928711,/Users/leeway/PycharmProjects/InfTS-LLM/datasets/QATS-4/predict-QATS-4/predict_response.log,2025-09-15 03:51:55
10,REASONING,QATS-4,Window (+v),7.218513011932373,547,26,0.0005989999999999,8.05739688873291,/Users/leeway/PycharmProjects/InfTS-LLM/datasets/QATS-4/predict-QATS-4/predict_response.log,2025-09-15 03:52:03
11,REASONING,QATS-4,Inf-LLM,1.4393939971923828,553,27,0.000607,2.3508141040802,/Users/leeway/PycharmProjects/InfTS-LLM/datasets/QATS-4/predict-QATS-4/predict_response.log,2025-09-15 03:52:05
12,REASONING,QATS-4,Inf-LLM,1.2860448360443115,553,27,0.000607,2.1683390140533447,/Users/leeway/PycharmProjects/InfTS-LLM/datasets/QATS-4/predict-QATS-4/predict_response.log,2025-09-15 03:52:07
13,REASONING,QATS-4,Inf-LLM,1.4577038288116455,553,29,0.000611,2.283437728881836,/Users/leeway/PycharmProjects/InfTS-LLM/datasets/QATS-4/predict-QATS-4/predict_response.log,2025-09-15 03:52:10
14,REASONING,QATS-4,Inf-LLM,1.3661787509918213,553,27,0.000607,2.388757944107056,/Users/leeway/PycharmProjects/InfTS-LLM/datasets/QATS-4/predict-QATS-4/predict_response.log,2025-09-15 03:52:12
15,REASONING,QATS-4,Inf-LLM,1.2989859580993652,553,27,0.000607,2.122352123260498,/Users/leeway/PycharmProjects/InfTS-LLM/datasets/QATS-4/predict-QATS-4/predict_response.log,2025-09-15 03:52:14
16,REASONING,QATS-4,Inf-LLM (+v),1.4089889526367188,553,27,0.000607,2.347590923309326,/Users/leeway/PycharmProjects/InfTS-LLM/datasets/QATS-4/predict-QATS-4/predict_response.log,2025-09-15 03:52:17
17,REASONING,QATS-4,Inf-LLM (+v),6.638669967651367,553,27,0.000607,7.838628053665161,/Users/leeway/PycharmProjects/InfTS-LLM/datasets/QATS-4/predict-QATS-4/predict_response.log,2025-09-15 03:52:25
18,REASONING,QATS-4,Inf-LLM (+v),5.2263548374176025,553,29,0.000611,6.250379085540772,/Users/leeway/PycharmProjects/InfTS-LLM/datasets/QATS-4/predict-QATS-4/predict_response.log,2025-09-15 03:52:31
19,REASONING,QATS-4,Inf-LLM (+v),5.963001012802124,553,29,0.000611,6.899965047836304,/Users/leeway/PycharmProjects/InfTS-LLM/datasets/QATS-4/predict-QATS-4/predict_response.log,2025-09-15 03:52:38
20,REASONING,QATS-4,Inf-LLM (+v),5.25849199295044,553,26,0.000605,6.285299062728882,/Users/leeway/PycharmProjects/InfTS-LLM/datasets/QATS-4/predict-QATS-4/predict_response.log,2025-09-15 03:52:44
21,REASONING,QATS-4,InfTS-LLM,1.38751482963562,976,67,0.0011099999999999,3.271646976470948,/Users/leeway/PycharmProjects/InfTS-LLM/datasets/QATS-4/predict-QATS-4/predict_response.log,2025-09-15 03:52:47
22,REASONING,QATS-4,InfTS-LLM,1.3733911514282229,976,66,0.001108,3.820550203323364,/Users/leeway/PycharmProjects/InfTS-LLM/datasets/QATS-4/predict-QATS-4/predict_response.log,2025-09-15 03:52:51
23,REASONING,QATS-4,InfTS-LLM,1.463162899017334,976,50,0.001076,2.8103368282318115,/Users/leeway/PycharmProjects/InfTS-LLM/datasets/QATS-4/predict-QATS-4/predict_response.log,2025-09-15 03:52:54
24,REASONING,QATS-4,InfTS-LLM,1.323340654373169,976,65,0.001106,3.395148038864136,/Users/leeway/PycharmProjects/InfTS-LLM/datasets/QATS-4/predict-QATS-4/predict_response.log,2025-09-15 03:52:58
25,REASONING,QATS-4,InfTS-LLM,1.536862850189209,976,64,0.001104,3.47681212425232,/Users/leeway/PycharmProjects/InfTS-LLM/datasets/QATS-4/predict-QATS-4/predict_response.log,2025-09-15 03:53:01
26,REASONING,QATS-4,InfTS-LLM (+v),1.2961490154266355,976,65,0.001106,3.4251787662506104,/Users/leeway/PycharmProjects/InfTS-LLM/datasets/QATS-4/predict-QATS-4/predict_response.log,2025-09-15 03:53:05
27,REASONING,QATS-4,InfTS-LLM (+v),6.414646148681641,976,49,0.0010739999999999,8.369606733322144,/Users/leeway/PycharmProjects/InfTS-LLM/datasets/QATS-4/predict-QATS-4/predict_response.log,2025-09-15 03:53:13
28,REASONING,QATS-4,InfTS-LLM (+v),4.464373826980591,976,49,0.0010739999999999,5.809020042419434,/Users/leeway/PycharmProjects/InfTS-LLM/datasets/QATS-4/predict-QATS-4/predict_response.log,2025-09-15 03:53:19
29,REASONING,QATS-4,InfTS-LLM (+v),6.051102876663208,976,51,0.001078,8.298892974853516,/Users/leeway/PycharmProjects/InfTS-LLM/datasets/QATS-4/predict-QATS-4/predict_response.log,2025-09-15 03:53:27
30,REASONING,QATS-4,InfTS-LLM (+v),6.703352689743042,976,49,0.0010739999999999,8.518851041793823,/Users/leeway/PycharmProjects/InfTS-LLM/datasets/QATS-4/predict-QATS-4/predict_response.log,2025-09-15 03:53:36
31,FORECASTING_EVENT,Finance_sp500,TimeCAP,8.706884145736694,307,8,0.000323,9.32947826385498,/Users/leeway/PycharmProjects/InfTS-LLM/datasets/Finance_sp500/predict-Finance_sp500/predict_response.log,2025-09-15 03:53:45
32,FORECASTING_EVENT,Finance_sp500,TimeCAP,3.6448469161987305,307,8,0.000323,4.308536052703857,/Users/leeway/PycharmProjects/InfTS-LLM/datasets/Finance_sp500/predict-Finance_sp500/predict_response.log,2025-09-15 03:53:49
33,FORECASTING_EVENT,Finance_sp500,TimeCAP,4.9454851150512695,307,8,0.000323,5.719405174255371,/Users/leeway/PycharmProjects/InfTS-LLM/datasets/Finance_sp500/predict-Finance_sp500/predict_response.log,2025-09-15 03:53:55
34,FORECASTING_EVENT,Finance_sp500,TimeCAP,5.220700979232788,307,8,0.000323,5.763127088546753,/Users/leeway/PycharmProjects/InfTS-LLM/datasets/Finance_sp500/predict-Finance_sp500/predict_response.log,2025-09-15 03:54:01
35,FORECASTING_EVENT,Finance_sp500,TimeCAP,4.774409770965576,307,8,0.000323,5.365812063217163,/Users/leeway/PycharmProjects/InfTS-LLM/datasets/Finance_sp500/predict-Finance_sp500/predict_response.log,2025-09-15 03:54:06
36,FORECASTING_EVENT,Finance_sp500,TimeCAP,4.926690101623535,307,8,0.000323,5.6038899421691895,/Users/leeway/PycharmProjects/InfTS-LLM/datasets/Finance_sp500/predict-Finance_sp500/predict_response.log,2025-09-15 03:54:12
37,FORECASTING_EVENT,Finance_sp500,TimeCAP,4.7792840003967285,307,8,0.000323,5.305494070053101,/Users/leeway/PycharmProjects/InfTS-LLM/datasets/Finance_sp500/predict-Finance_sp500/predict_response.log,2025-09-15 03:54:17
38,FORECASTING_EVENT,Finance_sp500,TimeCAP,4.953132152557373,307,8,0.000323,5.579333066940308,/Users/leeway/PycharmProjects/InfTS-LLM/datasets/Finance_sp500/predict-Finance_sp500/predict_response.log,2025-09-15 03:54:23
39,FORECASTING_EVENT,Finance_sp500,TimeCAP,3.547636032104492,307,8,0.000323,4.268487930297852,/Users/leeway/PycharmProjects/InfTS-LLM/datasets/Finance_sp500/predict-Finance_sp500/predict_response.log,2025-09-15 03:54:27
40,FORECASTING_EVENT,Finance_sp500,InfTS-LLM,8.75912094116211,469,10,0.000489,9.656694173812866,/Users/leeway/PycharmProjects/InfTS-LLM/datasets/Finance_sp500/predict-Finance_sp500/predict_response.log,2025-09-15 03:54:37
41,FORECASTING_EVENT,Finance_sp500,InfTS-LLM,4.909093856811523,469,10,0.000489,5.931704044342041,/Users/leeway/PycharmProjects/InfTS-LLM/datasets/Finance_sp500/predict-Finance_sp500/predict_response.log,2025-09-15 03:54:44
42,FORECASTING_EVENT,Finance_sp500,InfTS-LLM,3.548595905303955,469,10,0.000489,4.507092237472534,/Users/leeway/PycharmProjects/InfTS-LLM/datasets/Finance_sp500/predict-Finance_sp500/predict_response.log,2025-09-15 03:54:49
43,FORECASTING_EVENT,Finance_sp500,InfTS-LLM,4.736958026885986,469,10,0.000489,5.760540008544922,/Users/leeway/PycharmProjects/InfTS-LLM/datasets/Finance_sp500/predict-Finance_sp500/predict_response.log,2025-09-15 03:54:54
44,FORECASTING_EVENT,Finance_sp500,InfTS-LLM,4.723244667053223,469,10,0.000489,5.716839790344238,/Users/leeway/PycharmProjects/InfTS-LLM/datasets/Finance_sp500/predict-Finance_sp500/predict_response.log,2025-09-15 03:55:00
45,FORECASTING_EVENT,Finance_sp500,InfTS-LLM,4.970048904418945,469,10,0.000489,6.280332088470459,/Users/leeway/PycharmProjects/InfTS-LLM/datasets/Finance_sp500/predict-Finance_sp500/predict_response.log,2025-09-15 03:55:07
46,FORECASTING_EVENT,Finance_sp500,InfTS-LLM,4.672960996627808,469,10,0.000489,5.595917701721191,/Users/leeway/PycharmProjects/InfTS-LLM/datasets/Finance_sp500/predict-Finance_sp500/predict_response.log,2025-09-15 03:55:12
47,FORECASTING_EVENT,Finance_sp500,InfTS-LLM,3.8616461753845215,469,10,0.000489,4.854736089706421,/Users/leeway/PycharmProjects/InfTS-LLM/datasets/Finance_sp500/predict-Finance_sp500/predict_response.log,2025-09-15 03:55:17
48,FORECASTING_EVENT,Finance_sp500,InfTS-LLM,4.898502826690674,469,10,0.000489,5.882793188095093,/Users/leeway/PycharmProjects/InfTS-LLM/datasets/Finance_sp500/predict-Finance_sp500/predict_response.log,2025-09-15 03:55:23
49,FORECASTING_EVENT,Finance_sp500,InfTS-LLM (+v),12.257913827896118,469,10,0.000489,12.945703744888306,/Users/leeway/PycharmProjects/InfTS-LLM/datasets/Finance_sp500/predict-Finance_sp500/predict_response.log,2025-09-15 03:55:36
50,FORECASTING_EVENT,Finance_sp500,InfTS-LLM (+v),11.154058933258057,469,10,0.000489,11.912577867507936,/Users/leeway/PycharmProjects/InfTS-LLM/datasets/Finance_sp500/predict-Finance_sp500/predict_response.log,2025-09-15 03:55:48
51,FORECASTING_EVENT,Finance_sp500,InfTS-LLM (+v),13.13297414779663,469,10,0.000489,13.89370608329773,/Users/leeway/PycharmProjects/InfTS-LLM/datasets/Finance_sp500/predict-Finance_sp500/predict_response.log,2025-09-15 03:56:02
52,FORECASTING_EVENT,Finance_sp500,InfTS-LLM (+v),11.966183185577393,469,10,0.000489,12.783348083496094,/Users/leeway/PycharmProjects/InfTS-LLM/datasets/Finance_sp500/predict-Finance_sp500/predict_response.log,2025-09-15 03:56:15
53,FORECASTING_EVENT,Finance_sp500,InfTS-LLM (+v),11.907786130905151,469,10,0.000489,12.810516119003296,/Users/leeway/PycharmProjects/InfTS-LLM/datasets/Finance_sp500/predict-Finance_sp500/predict_response.log,2025-09-15 03:56:28
54,FORECASTING_EVENT,Finance_sp500,InfTS-LLM (+v),12.27749514579773,469,10,0.000489,13.008124113082886,/Users/leeway/PycharmProjects/InfTS-LLM/datasets/Finance_sp500/predict-Finance_sp500/predict_response.log,2025-09-15 03:56:41
55,FORECASTING_EVENT,Finance_sp500,InfTS-LLM (+v),11.612872838974,469,10,0.000489,12.250182867050173,/Users/leeway/PycharmProjects/InfTS-LLM/datasets/Finance_sp500/predict-Finance_sp500/predict_response.log,2025-09-15 03:56:53
56,FORECASTING_EVENT,Finance_sp500,InfTS-LLM (+v),12.625965118408203,469,10,0.000489,13.357869863510132,/Users/leeway/PycharmProjects/InfTS-LLM/datasets/Finance_sp500/predict-Finance_sp500/predict_response.log,2025-09-15 03:57:06
57,FORECASTING_EVENT,Finance_sp500,InfTS-LLM (+v),9.62745189666748,469,10,0.000489,10.500669956207275,/Users/leeway/PycharmProjects/InfTS-LLM/datasets/Finance_sp500/predict-Finance_sp500/predict_response.log,2025-09-15 03:57:17
58,UNDERSTANDING,TSQA,Window,2.019721031188965,2016,28,0.002072,3.0411598682403564,/Users/leeway/PycharmProjects/InfTS-LLM/datasets/TSQA/predict-TSQA/predict_response.log,2025-09-15 03:57:20
59,UNDERSTANDING,TSQA,Window (+v),7.556821823120117,2016,28,0.002072,8.784132957458496,/Users/leeway/PycharmProjects/InfTS-LLM/datasets/TSQA/predict-TSQA/predict_response.log,2025-09-15 03:57:29
60,UNDERSTANDING,TSQA,Inf-LLM,1.7315771579742432,2022,27,0.0020759999999999,2.6360812187194824,/Users/leeway/PycharmProjects/InfTS-LLM/datasets/TSQA/predict-TSQA/predict_response.log,2025-09-15 03:57:31
61,UNDERSTANDING,TSQA,Inf-LLM (+v),6.7364420890808105,2022,26,0.002074,7.902686834335327,/Users/leeway/PycharmProjects/InfTS-LLM/datasets/TSQA/predict-TSQA/predict_response.log,2025-09-15 03:57:39
62,UNDERSTANDING,TSQA,InfTS-LLM,2.573205947875977,2391,35,0.002461,3.6879279613494873,/Users/leeway/PycharmProjects/InfTS-LLM/datasets/TSQA/predict-TSQA/predict_response.log,2025-09-15 03:57:43
63,UNDERSTANDING,TSQA,InfTS-LLM (+v),6.884900808334351,2391,35,0.002461,8.614285230636597,/Users/leeway/PycharmProjects/InfTS-LLM/datasets/TSQA/predict-TSQA/predict_response.log,2025-09-15 03:57:52
64,FORECASTING_EVENT,Weather_ny,TimeCAP,1.3796091079711914,224,11,0.000246,1.8576431274414065,/Users/leeway/PycharmProjects/InfTS-LLM/datasets/Weather_ny/predict-Weather_ny/predict_response.log,2025-09-15 03:57:54
65,FORECASTING_EVENT,Weather_ny,TimeCAP,1.2881150245666504,224,11,0.000246,1.8518638610839844,/Users/leeway/PycharmProjects/InfTS-LLM/datasets/Weather_ny/predict-Weather_ny/predict_response.log,2025-09-15 03:57:56
66,FORECASTING_EVENT,Weather_ny,TimeCAP,1.2580058574676514,224,11,0.000246,1.7737040519714355,/Users/leeway/PycharmProjects/InfTS-LLM/datasets/Weather_ny/predict-Weather_ny/predict_response.log,2025-09-15 03:57:58
67,FORECASTING_EVENT,Weather_ny,TimeCAP,1.240609884262085,224,11,0.000246,1.6899399757385254,/Users/leeway/PycharmProjects/InfTS-LLM/datasets/Weather_ny/predict-Weather_ny/predict_response.log,2025-09-15 03:57:59
68,FORECASTING_EVENT,Weather_ny,TimeCAP,1.2913742065429688,224,11,0.000246,1.744646072387695,/Users/leeway/PycharmProjects/InfTS-LLM/datasets/Weather_ny/predict-Weather_ny/predict_response.log,2025-09-15 03:58:01
69,FORECASTING_EVENT,Weather_ny,InfTS-LLM,1.3256630897521973,386,13,0.000412,1.8774168491363523,/Users/leeway/PycharmProjects/InfTS-LLM/datasets/Weather_ny/predict-Weather_ny/predict_response.log,2025-09-15 03:58:03
70,FORECASTING_EVENT,Weather_ny,InfTS-LLM,1.264955759048462,386,13,0.000412,1.792302131652832,/Users/leeway/PycharmProjects/InfTS-LLM/datasets/Weather_ny/predict-Weather_ny/predict_response.log,2025-09-15 03:58:05
71,FORECASTING_EVENT,Weather_ny,InfTS-LLM,1.3868741989135742,386,13,0.000412,1.98294997215271,/Users/leeway/PycharmProjects/InfTS-LLM/datasets/Weather_ny/predict-Weather_ny/predict_response.log,2025-09-15 03:58:07
72,FORECASTING_EVENT,Weather_ny,InfTS-LLM,1.496293306350708,386,13,0.000412,2.1105892658233643,/Users/leeway/PycharmProjects/InfTS-LLM/datasets/Weather_ny/predict-Weather_ny/predict_response.log,2025-09-15 03:58:10
73,FORECASTING_EVENT,Weather_ny,InfTS-LLM,1.391016960144043,386,13,0.000412,1.97107195854187,/Users/leeway/PycharmProjects/InfTS-LLM/datasets/Weather_ny/predict-Weather_ny/predict_response.log,2025-09-15 03:58:12
74,FORECASTING_EVENT,Weather_ny,InfTS-LLM (+v),6.750206232070923,386,13,0.000412,7.395431995391846,/Users/leeway/PycharmProjects/InfTS-LLM/datasets/Weather_ny/predict-Weather_ny/predict_response.log,2025-09-15 03:58:19
75,FORECASTING_EVENT,Weather_ny,InfTS-LLM (+v),5.573821783065796,386,13,0.000412,6.3507399559021,/Users/leeway/PycharmProjects/InfTS-LLM/datasets/Weather_ny/predict-Weather_ny/predict_response.log,2025-09-15 03:58:26
76,FORECASTING_EVENT,Weather_ny,InfTS-LLM (+v),6.642123937606812,386,15,0.000416,7.39600682258606,/Users/leeway/PycharmProjects/InfTS-LLM/datasets/Weather_ny/predict-Weather_ny/predict_response.log,2025-09-15 03:58:33
77,FORECASTING_EVENT,Weather_ny,InfTS-LLM (+v),5.350405931472778,386,13,0.000412,6.066275119781494,/Users/leeway/PycharmProjects/InfTS-LLM/datasets/Weather_ny/predict-Weather_ny/predict_response.log,2025-09-15 03:58:40
78,FORECASTING_EVENT,Weather_ny,InfTS-LLM (+v),5.954908847808838,386,13,0.000412,6.697317123413086,/Users/leeway/PycharmProjects/InfTS-LLM/datasets/Weather_ny/predict-Weather_ny/predict_response.log,2025-09-15 03:58:46
79,FORECASTING_EVENT,Finance_nikkei,TimeCAP,7.373242855072021,307,8,0.000323,7.938072919845581,/Users/leeway/PycharmProjects/InfTS-LLM/datasets/Finance_nikkei/predict-Finance_nikkei/predict_response.log,2025-09-15 03:58:54
80,FORECASTING_EVENT,Finance_nikkei,TimeCAP,3.6687960624694815,307,8,0.000323,4.269027233123779,/Users/leeway/PycharmProjects/InfTS-LLM/datasets/Finance_nikkei/predict-Finance_nikkei/predict_response.log,2025-09-15 03:58:59
81,FORECASTING_EVENT,Finance_nikkei,TimeCAP,4.744492053985596,307,8,0.000323,5.37939977645874,/Users/leeway/PycharmProjects/InfTS-LLM/datasets/Finance_nikkei/predict-Finance_nikkei/predict_response.log,2025-09-15 03:59:04
82,FORECASTING_EVENT,Finance_nikkei,TimeCAP,3.5476019382476807,307,8,0.000323,4.2312188148498535,/Users/leeway/PycharmProjects/InfTS-LLM/datasets/Finance_nikkei/predict-Finance_nikkei/predict_response.log,2025-09-15 03:59:08
83,FORECASTING_EVENT,Finance_nikkei,TimeCAP,4.998439788818359,307,8,0.000323,5.626034259796143,/Users/leeway/PycharmProjects/InfTS-LLM/datasets/Finance_nikkei/predict-Finance_nikkei/predict_response.log,2025-09-15 03:59:14
84,FORECASTING_EVENT,Finance_nikkei,TimeCAP,5.299318075180054,307,8,0.000323,6.143237113952637,/Users/leeway/PycharmProjects/InfTS-LLM/datasets/Finance_nikkei/predict-Finance_nikkei/predict_response.log,2025-09-15 03:59:20
85,FORECASTING_EVENT,Finance_nikkei,TimeCAP,3.6317100524902335,307,8,0.000323,4.354552745819092,/Users/leeway/PycharmProjects/InfTS-LLM/datasets/Finance_nikkei/predict-Finance_nikkei/predict_response.log,2025-09-15 03:59:25
86,FORECASTING_EVENT,Finance_nikkei,TimeCAP,5.18178391456604,307,8,0.000323,5.901341915130615,/Users/leeway/PycharmProjects/InfTS-LLM/datasets/Finance_nikkei/predict-Finance_nikkei/predict_response.log,2025-09-15 03:59:31
87,FORECASTING_EVENT,Finance_nikkei,TimeCAP,4.9262402057647705,307,8,0.000323,5.501224756240845,/Users/leeway/PycharmProjects/InfTS-LLM/datasets/Finance_nikkei/predict-Finance_nikkei/predict_response.log,2025-09-15 03:59:36
88,FORECASTING_EVENT,Finance_nikkei,InfTS-LLM,7.490563154220581,469,10,0.000489,8.097697734832764,/Users/leeway/PycharmProjects/InfTS-LLM/datasets/Finance_nikkei/predict-Finance_nikkei/predict_response.log,2025-09-15 03:59:44
89,FORECASTING_EVENT,Finance_nikkei,InfTS-LLM,3.7081758975982666,469,10,0.000489,4.418447971343994,/Users/leeway/PycharmProjects/InfTS-LLM/datasets/Finance_nikkei/predict-Finance_nikkei/predict_response.log,2025-09-15 03:59:49
90,FORECASTING_EVENT,Finance_nikkei,InfTS-LLM,3.641932964324951,469,10,0.000489,4.56163477897644,/Users/leeway/PycharmProjects/InfTS-LLM/datasets/Finance_nikkei/predict-Finance_nikkei/predict_response.log,2025-09-15 03:59:53
91,FORECASTING_EVENT,Finance_nikkei,InfTS-LLM,4.837707996368408,469,10,0.000489,5.612559080123901,/Users/leeway/PycharmProjects/InfTS-LLM/datasets/Finance_nikkei/predict-Finance_nikkei/predict_response.log,2025-09-15 03:59:59
92,FORECASTING_EVENT,Finance_nikkei,InfTS-LLM,3.557687997817993,469,10,0.000489,4.375143051147461,/Users/leeway/PycharmProjects/InfTS-LLM/datasets/Finance_nikkei/predict-Finance_nikkei/predict_response.log,2025-09-15 04:00:03
93,FORECASTING_EVENT,Finance_nikkei,InfTS-LLM,4.693800210952759,469,10,0.000489,5.389764785766602,/Users/leeway/PycharmProjects/InfTS-LLM/datasets/Finance_nikkei/predict-Finance_nikkei/predict_response.log,2025-09-15 04:00:09
94,FORECASTING_EVENT,Finance_nikkei,InfTS-LLM,4.903546094894409,469,10,0.000489,5.698837995529175,/Users/leeway/PycharmProjects/InfTS-LLM/datasets/Finance_nikkei/predict-Finance_nikkei/predict_response.log,2025-09-15 04:00:14
95,FORECASTING_EVENT,Finance_nikkei,InfTS-LLM,4.845599174499512,469,10,0.000489,5.918648958206177,/Users/leeway/PycharmProjects/InfTS-LLM/datasets/Finance_nikkei/predict-Finance_nikkei/predict_response.log,2025-09-15 04:00:20
96,FORECASTING_EVENT,Finance_nikkei,InfTS-LLM,5.080945730209351,469,10,0.000489,5.89619779586792,/Users/leeway/PycharmProjects/InfTS-LLM/datasets/Finance_nikkei/predict-Finance_nikkei/predict_response.log,2025-09-15 04:00:26
97,FORECASTING_EVENT,Finance_nikkei,InfTS-LLM (+v),11.87619686126709,469,12,0.000493,12.721208095550535,/Users/leeway/PycharmProjects/InfTS-LLM/datasets/Finance_nikkei/predict-Finance_nikkei/predict_response.log,2025-09-15 04:00:39
98,FORECASTING_EVENT,Finance_nikkei,InfTS-LLM (+v),10.191859006881714,469,10,0.000489,10.780611038208008,/Users/leeway/PycharmProjects/InfTS-LLM/datasets/Finance_nikkei/predict-Finance_nikkei/predict_response.log,2025-09-15 04:00:50
99,FORECASTING_EVENT,Finance_nikkei,InfTS-LLM (+v),10.968833208084106,469,10,0.000489,11.648330926895142,/Users/leeway/PycharmProjects/InfTS-LLM/datasets/Finance_nikkei/predict-Finance_nikkei/predict_response.log,2025-09-15 04:01:02
100,FORECASTING_EVENT,Finance_nikkei,InfTS-LLM (+v),11.682403802871704,469,10,0.000489,12.397390127182009,/Users/leeway/PycharmProjects/InfTS-LLM/datasets/Finance_nikkei/predict-Finance_nikkei/predict_response.log,2025-09-15 04:01:14
101,FORECASTING_EVENT,Finance_nikkei,InfTS-LLM (+v),11.116720914840698,469,10,0.000489,12.047052145004272,/Users/leeway/PycharmProjects/InfTS-LLM/datasets/Finance_nikkei/predict-Finance_nikkei/predict_response.log,2025-09-15 04:01:26
102,FORECASTING_EVENT,Finance_nikkei,InfTS-LLM (+v),10.62053894996643,469,10,0.000489,11.46829605102539,/Users/leeway/PycharmProjects/InfTS-LLM/datasets/Finance_nikkei/predict-Finance_nikkei/predict_response.log,2025-09-15 04:01:38
103,FORECASTING_EVENT,Finance_nikkei,InfTS-LLM (+v),11.572665929794312,469,10,0.000489,12.269011974334717,/Users/leeway/PycharmProjects/InfTS-LLM/datasets/Finance_nikkei/predict-Finance_nikkei/predict_response.log,2025-09-15 04:01:50
104,FORECASTING_EVENT,Finance_nikkei,InfTS-LLM (+v),11.991819858551024,469,10,0.000489,12.904869079589844,/Users/leeway/PycharmProjects/InfTS-LLM/datasets/Finance_nikkei/predict-Finance_nikkei/predict_response.log,2025-09-15 04:02:03
105,FORECASTING_EVENT,Finance_nikkei,InfTS-LLM (+v),10.400942087173462,469,10,0.000489,11.314095973968506,/Users/leeway/PycharmProjects/InfTS-LLM/datasets/Finance_nikkei/predict-Finance_nikkei/predict_response.log,2025-09-15 04:02:14
106,FORECASTING_NUM,ETTm,PromptCast,1.4001891613006592,307,1335,0.002977,99.11851167678832,/Users/leeway/PycharmProjects/InfTS-LLM/datasets/Ettm/predict-ETTm/predict_response.log,2025-09-15 04:03:53
107,FORECASTING_NUM,ETTm,PromptCast,1.5620348453521729,307,69,0.000445,6.792309045791626,/Users/leeway/PycharmProjects/InfTS-LLM/datasets/Ettm/predict-ETTm/predict_response.log,2025-09-15 04:04:00
108,FORECASTING_NUM,ETTm,PromptCast,1.391784906387329,307,80,0.0004669999999999,7.760028123855591,/Users/leeway/PycharmProjects/InfTS-LLM/datasets/Ettm/predict-ETTm/predict_response.log,2025-09-15 04:04:08
109,FORECASTING_NUM,ETTm,PromptCast,1.2665338516235352,307,64,0.0004349999999999,5.959416151046753,/Users/leeway/PycharmProjects/InfTS-LLM/datasets/Ettm/predict-ETTm/predict_response.log,2025-09-15 04:04:14
110,FORECASTING_NUM,ETTm,PromptCast,1.3516361713409424,307,59,0.000425,4.931340932846069,/Users/leeway/PycharmProjects/InfTS-LLM/datasets/Ettm/predict-ETTm/predict_response.log,2025-09-15 04:04:19
111,FORECASTING_NUM,ETTm,PromptCast,1.4046857357025146,307,56,0.000419,5.297940969467163,/Users/leeway/PycharmProjects/InfTS-LLM/datasets/Ettm/predict-ETTm/predict_response.log,2025-09-15 04:04:24
112,FORECASTING_NUM,ETTm,PromptCast,1.355259895324707,307,57,0.000421,5.091309070587158,/Users/leeway/PycharmProjects/InfTS-LLM/datasets/Ettm/predict-ETTm/predict_response.log,2025-09-15 04:04:29
113,FORECASTING_NUM,ETTm,TimeCP,1.271755933761597,317,105,0.000527,7.948957920074463,/Users/leeway/PycharmProjects/InfTS-LLM/datasets/Ettm/predict-ETTm/predict_response.log,2025-09-15 04:04:37
114,FORECASTING_NUM,ETTm,TimeCP,1.356154203414917,317,65,0.000447,6.918435096740723,/Users/leeway/PycharmProjects/InfTS-LLM/datasets/Ettm/predict-ETTm/predict_response.log,2025-09-15 04:04:44
115,FORECASTING_NUM,ETTm,TimeCP,1.3692610263824463,317,54,0.000425,4.918796062469482,/Users/leeway/PycharmProjects/InfTS-LLM/datasets/Ettm/predict-ETTm/predict_response.log,2025-09-15 04:04:49
116,FORECASTING_NUM,ETTm,TimeCP,1.3967962265014648,317,53,0.000423,4.774960994720459,/Users/leeway/PycharmProjects/InfTS-LLM/datasets/Ettm/predict-ETTm/predict_response.log,2025-09-15 04:04:54
117,FORECASTING_NUM,ETTm,TimeCP,1.4306843280792236,317,1216,0.002749,77.6388771533966,/Users/leeway/PycharmProjects/InfTS-LLM/datasets/Ettm/predict-ETTm/predict_response.log,2025-09-15 04:06:12
118,FORECASTING_NUM,ETTm,TimeCP,2.152566909790039,317,53,0.000423,5.286752700805664,/Users/leeway/PycharmProjects/InfTS-LLM/datasets/Ettm/predict-ETTm/predict_response.log,2025-09-15 04:06:17
119,FORECASTING_NUM,ETTm,TimeCP,1.3493499755859375,317,67,0.000451,6.302432060241699,/Users/leeway/PycharmProjects/InfTS-LLM/datasets/Ettm/predict-ETTm/predict_response.log,2025-09-15 04:06:23
120,FORECASTING_NUM,ETTm,InfTS-LLM,1.9148149490356443,441,61,0.000563,5.871361970901489,/Users/leeway/PycharmProjects/InfTS-LLM/datasets/Ettm/predict-ETTm/predict_response.log,2025-09-15 04:06:29
121,FORECASTING_NUM,ETTm,InfTS-LLM,1.4072749614715576,441,79,0.0005989999999999,6.5701892375946045,/Users/leeway/PycharmProjects/InfTS-LLM/datasets/Ettm/predict-ETTm/predict_response.log,2025-09-15 04:06:36
122,FORECASTING_NUM,ETTm,InfTS-LLM,1.3606350421905518,441,60,0.000561,5.454949855804443,/Users/leeway/PycharmProjects/InfTS-LLM/datasets/Ettm/predict-ETTm/predict_response.log,2025-09-15 04:06:41
123,FORECASTING_NUM,ETTm,InfTS-LLM,1.416585922241211,441,59,0.000559,4.705867052078247,/Users/leeway/PycharmProjects/InfTS-LLM/datasets/Ettm/predict-ETTm/predict_response.log,2025-09-15 04:06:46
124,FORECASTING_NUM,ETTm,InfTS-LLM,1.3072760105133057,441,184,0.000809,12.739137649536133,/Users/leeway/PycharmProjects/InfTS-LLM/datasets/Ettm/predict-ETTm/predict_response.log,2025-09-15 04:06:59
125,FORECASTING_NUM,ETTm,InfTS-LLM,1.3334481716156006,441,66,0.0005729999999999,5.462447881698608,/Users/leeway/PycharmProjects/InfTS-LLM/datasets/Ettm/predict-ETTm/predict_response.log,2025-09-15 04:07:04
126,FORECASTING_NUM,ETTm,InfTS-LLM,1.34273099899292,441,64,0.000569,5.467679023742676,/Users/leeway/PycharmProjects/InfTS-LLM/datasets/Ettm/predict-ETTm/predict_response.log,2025-09-15 04:07:10
127,FORECASTING_NUM,ETTm,InfTS-LLM (+v),4.271432161331177,441,63,0.000567,8.34640383720398,/Users/leeway/PycharmProjects/InfTS-LLM/datasets/Ettm/predict-ETTm/predict_response.log,2025-09-15 04:07:18
128,FORECASTING_NUM,ETTm,InfTS-LLM (+v),3.1256110668182373,441,61,0.000563,6.702225923538208,/Users/leeway/PycharmProjects/InfTS-LLM/datasets/Ettm/predict-ETTm/predict_response.log,2025-09-15 04:07:25
129,FORECASTING_NUM,ETTm,InfTS-LLM (+v),3.596069812774658,441,62,0.000565,7.48337984085083,/Users/leeway/PycharmProjects/InfTS-LLM/datasets/Ettm/predict-ETTm/predict_response.log,2025-09-15 04:07:33
130,FORECASTING_NUM,ETTm,InfTS-LLM (+v),2.509108066558838,441,61,0.000563,6.84221887588501,/Users/leeway/PycharmProjects/InfTS-LLM/datasets/Ettm/predict-ETTm/predict_response.log,2025-09-15 04:07:39
131,FORECASTING_NUM,ETTm,InfTS-LLM (+v),5.173403978347778,441,60,0.000561,8.839782953262329,/Users/leeway/PycharmProjects/InfTS-LLM/datasets/Ettm/predict-ETTm/predict_response.log,2025-09-15 04:07:48
132,FORECASTING_NUM,ETTm,InfTS-LLM (+v),3.586320161819458,441,1003,0.002447,84.48307991027832,/Users/leeway/PycharmProjects/InfTS-LLM/datasets/Ettm/predict-ETTm/predict_response.log,2025-09-15 04:09:13
133,FORECASTING_NUM,ETTm,InfTS-LLM (+v),6.409693241119385,441,202,0.000845,19.315200090408325,/Users/leeway/PycharmProjects/InfTS-LLM/datasets/Ettm/predict-ETTm/predict_response.log,2025-09-15 04:09:32
134,FORECASTING_NUM,Gold,PromptCast,1.3574810028076172,316,53,0.0004219999999999,4.910800218582153,/Users/leeway/PycharmProjects/InfTS-LLM/datasets/Gold/predict-Gold/predict_response.log,2025-09-15 04:09:37
135,FORECASTING_NUM,Gold,TimeCP,1.2847390174865725,317,54,0.000425,5.192436933517456,/Users/leeway/PycharmProjects/InfTS-LLM/datasets/Gold/predict-Gold/predict_response.log,2025-09-15 04:09:42
136,FORECASTING_NUM,Gold,InfTS-LLM,1.407020092010498,441,60,0.000561,4.1542582511901855,/Users/leeway/PycharmProjects/InfTS-LLM/datasets/Gold/predict-Gold/predict_response.log,2025-09-15 04:09:46
137,FORECASTING_NUM,Gold,InfTS-LLM (+v),5.161648988723755,441,60,0.000561,8.541784048080444,/Users/leeway/PycharmProjects/InfTS-LLM/datasets/Gold/predict-Gold/predict_response.log,2025-09-15 04:09:55
138,FORECASTING_NUM,Weather,PromptCast,1.382153034210205,307,1335,0.002977,90.63953709602356,/Users/leeway/PycharmProjects/InfTS-LLM/datasets/Weather/predict-Weather/predict_response.log,2025-09-15 04:11:26
139,FORECASTING_NUM,Weather,PromptCast,1.3727779388427734,307,55,0.000417,5.150909900665283,/Users/leeway/PycharmProjects/InfTS-LLM/datasets/Weather/predict-Weather/predict_response.log,2025-09-15 04:11:31
140,FORECASTING_NUM,Weather,PromptCast,1.2734909057617188,307,1303,0.002913,108.7223780155182,/Users/leeway/PycharmProjects/InfTS-LLM/datasets/Weather/predict-Weather/predict_response.log,2025-09-15 04:13:20
141,FORECASTING_NUM,Weather,PromptCast,1.494154930114746,307,53,0.0004129999999999,5.125883340835571,/Users/leeway/PycharmProjects/InfTS-LLM/datasets/Weather/predict-Weather/predict_response.log,2025-09-15 04:13:25
142,FORECASTING_NUM,Weather,PromptCast,1.3486177921295166,307,72,0.000451,6.050255060195923,/Users/leeway/PycharmProjects/InfTS-LLM/datasets/Weather/predict-Weather/predict_response.log,2025-09-15 04:13:31
143,FORECASTING_NUM,Weather,PromptCast,1.419970989227295,307,76,0.000459,6.410943984985352,/Users/leeway/PycharmProjects/InfTS-LLM/datasets/Weather/predict-Weather/predict_response.log,2025-09-15 04:13:37
144,FORECASTING_NUM,Weather,PromptCast,1.294084072113037,307,1318,0.002943,91.18931674957275,/Users/leeway/PycharmProjects/InfTS-LLM/datasets/Weather/predict-Weather/predict_response.log,2025-09-15 04:15:09
145,FORECASTING_NUM,Weather,PromptCast,1.450214147567749,307,138,0.000583,9.93475604057312,/Users/leeway/PycharmProjects/InfTS-LLM/datasets/Weather/predict-Weather/predict_response.log,2025-09-15 04:15:19
146,FORECASTING_NUM,Weather,PromptCast,1.423253059387207,307,1202,0.002711,82.59632015228271,/Users/leeway/PycharmProjects/InfTS-LLM/datasets/Weather/predict-Weather/predict_response.log,2025-09-15 04:16:41
147,FORECASTING_NUM,Weather,PromptCast,1.4741191864013672,307,102,0.000511,7.524241924285889,/Users/leeway/PycharmProjects/InfTS-LLM/datasets/Weather/predict-Weather/predict_response.log,2025-09-15 04:16:49
148,FORECASTING_NUM,Weather,PromptCast,1.3454649448394775,307,117,0.000541,10.870485305786133,/Users/leeway/PycharmProjects/InfTS-LLM/datasets/Weather/predict-Weather/predict_response.log,2025-09-15 04:17:00
149,FORECASTING_NUM,Weather,PromptCast,1.3929519653320312,307,57,0.000421,5.261820316314697,/Users/leeway/PycharmProjects/InfTS-LLM/datasets/Weather/predict-Weather/predict_response.log,2025-09-15 04:17:05
150,FORECASTING_NUM,Weather,PromptCast,1.3370213508605957,307,65,0.000437,7.0736188888549805,/Users/leeway/PycharmProjects/InfTS-LLM/datasets/Weather/predict-Weather/predict_response.log,2025-09-15 04:17:12
151,FORECASTING_NUM,Weather,PromptCast,1.2773871421813965,307,125,0.000557,8.403243064880371,/Users/leeway/PycharmProjects/InfTS-LLM/datasets/Weather/predict-Weather/predict_response.log,2025-09-15 04:17:20
152,FORECASTING_NUM,Weather,PromptCast,1.6806421279907229,307,1312,0.002931,84.65106081962585,/Users/leeway/PycharmProjects/InfTS-LLM/datasets/Weather/predict-Weather/predict_response.log,2025-09-15 04:18:45
153,FORECASTING_NUM,Weather,PromptCast,1.424865961074829,307,78,0.000463,6.084816217422485,/Users/leeway/PycharmProjects/InfTS-LLM/datasets/Weather/predict-Weather/predict_response.log,2025-09-15 04:18:51
154,FORECASTING_NUM,Weather,PromptCast,1.3783929347991943,307,88,0.000483,7.688300132751465,/Users/leeway/PycharmProjects/InfTS-LLM/datasets/Weather/predict-Weather/predict_response.log,2025-09-15 04:18:59
155,FORECASTING_NUM,Weather,PromptCast,1.4761431217193604,307,206,0.000719,15.398974180221558,/Users/leeway/PycharmProjects/InfTS-LLM/datasets/Weather/predict-Weather/predict_response.log,2025-09-15 04:19:14
156,FORECASTING_NUM,Weather,PromptCast,1.2954840660095217,307,1202,0.002711,78.39112186431885,/Users/leeway/PycharmProjects/InfTS-LLM/datasets/Weather/predict-Weather/predict_response.log,2025-09-15 04:20:33
157,FORECASTING_NUM,Weather,PromptCast,1.407928228378296,307,71,0.0004489999999999,6.665383815765381,/Users/leeway/PycharmProjects/InfTS-LLM/datasets/Weather/predict-Weather/predict_response.log,2025-09-15 04:20:40
158,FORECASTING_NUM,Weather,PromptCast,1.3474223613739014,307,84,0.0004749999999999,7.026911020278931,/Users/leeway/PycharmProjects/InfTS-LLM/datasets/Weather/predict-Weather/predict_response.log,2025-09-15 04:20:47
159,FORECASTING_NUM,Weather,TimeCP,1.541254997253418,318,59,0.0004359999999999,5.676497936248779,/Users/leeway/PycharmProjects/InfTS-LLM/datasets/Weather/predict-Weather/predict_response.log,2025-09-15 04:20:52
160,FORECASTING_NUM,Weather,TimeCP,1.3296658992767334,318,81,0.0004799999999999,7.134673833847046,/Users/leeway/PycharmProjects/InfTS-LLM/datasets/Weather/predict-Weather/predict_response.log,2025-09-15 04:20:59
161,FORECASTING_NUM,Weather,TimeCP,1.314483880996704,318,55,0.000428,4.914294004440308,/Users/leeway/PycharmProjects/InfTS-LLM/datasets/Weather/predict-Weather/predict_response.log,2025-09-15 04:21:04
162,FORECASTING_NUM,Weather,TimeCP,1.3669791221618652,318,61,0.0004399999999999,6.075647830963135,/Users/leeway/PycharmProjects/InfTS-LLM/datasets/Weather/predict-Weather/predict_response.log,2025-09-15 04:21:11
163,FORECASTING_NUM,Weather,TimeCP,1.5017459392547607,318,50,0.0004179999999999,4.47731614112854,/Users/leeway/PycharmProjects/InfTS-LLM/datasets/Weather/predict-Weather/predict_response.log,2025-09-15 04:21:15
164,FORECASTING_NUM,Weather,TimeCP,1.495265245437622,318,74,0.0004659999999999,8.147554874420166,/Users/leeway/PycharmProjects/InfTS-LLM/datasets/Weather/predict-Weather/predict_response.log,2025-09-15 04:21:23
165,FORECASTING_NUM,Weather,TimeCP,1.601593017578125,318,1307,0.002932,90.46293187141418,/Users/leeway/PycharmProjects/InfTS-LLM/datasets/Weather/predict-Weather/predict_response.log,2025-09-15 04:22:54
166,FORECASTING_NUM,Weather,TimeCP,1.5774989128112793,318,53,0.000424,4.71285080909729,/Users/leeway/PycharmProjects/InfTS-LLM/datasets/Weather/predict-Weather/predict_response.log,2025-09-15 04:22:58
167,FORECASTING_NUM,Weather,TimeCP,1.311958074569702,318,1228,0.002774,87.91891407966614,/Users/leeway/PycharmProjects/InfTS-LLM/datasets/Weather/predict-Weather/predict_response.log,2025-09-15 04:24:26
168,FORECASTING_NUM,Weather,TimeCP,1.4745500087738037,318,72,0.0004619999999999,6.081514835357666,/Users/leeway/PycharmProjects/InfTS-LLM/datasets/Weather/predict-Weather/predict_response.log,2025-09-15 04:24:33
169,FORECASTING_NUM,Weather,TimeCP,1.3661479949951172,318,70,0.0004579999999999,5.930487155914307,/Users/leeway/PycharmProjects/InfTS-LLM/datasets/Weather/predict-Weather/predict_response.log,2025-09-15 04:24:38
170,FORECASTING_NUM,Weather,TimeCP,1.3737449645996094,318,55,0.000428,5.520291090011597,/Users/leeway/PycharmProjects/InfTS-LLM/datasets/Weather/predict-Weather/predict_response.log,2025-09-15 04:24:44
171,FORECASTING_NUM,Weather,TimeCP,1.5197978019714355,318,58,0.000434,5.318434000015259,/Users/leeway/PycharmProjects/InfTS-LLM/datasets/Weather/predict-Weather/predict_response.log,2025-09-15 04:24:49
172,FORECASTING_NUM,Weather,TimeCP,1.401256084442139,318,65,0.0004479999999999,5.619848012924194,/Users/leeway/PycharmProjects/InfTS-LLM/datasets/Weather/predict-Weather/predict_response.log,2025-09-15 04:24:55
173,FORECASTING_NUM,Weather,TimeCP,1.3731179237365725,318,1202,0.002722,85.31564712524414,/Users/leeway/PycharmProjects/InfTS-LLM/datasets/Weather/predict-Weather/predict_response.log,2025-09-15 04:26:20
174,FORECASTING_NUM,Weather,TimeCP,1.387998104095459,318,139,0.000596,11.11736011505127,/Users/leeway/PycharmProjects/InfTS-LLM/datasets/Weather/predict-Weather/predict_response.log,2025-09-15 04:26:32
175,FORECASTING_NUM,Weather,TimeCP,1.3068170547485352,318,57,0.000432,5.296637058258057,/Users/leeway/PycharmProjects/InfTS-LLM/datasets/Weather/predict-Weather/predict_response.log,2025-09-15 04:26:37
176,FORECASTING_NUM,Weather,TimeCP,1.9265599250793457,318,55,0.000428,5.621572256088257,/Users/leeway/PycharmProjects/InfTS-LLM/datasets/Weather/predict-Weather/predict_response.log,2025-09-15 04:26:42
177,FORECASTING_NUM,Weather,TimeCP,1.4095890522003174,318,87,0.000492,6.9202611446380615,/Users/leeway/PycharmProjects/InfTS-LLM/datasets/Weather/predict-Weather/predict_response.log,2025-09-15 04:26:49
178,FORECASTING_NUM,Weather,TimeCP,1.4080357551574707,318,54,0.0004259999999999,5.806226968765259,/Users/leeway/PycharmProjects/InfTS-LLM/datasets/Weather/predict-Weather/predict_response.log,2025-09-15 04:26:55
179,FORECASTING_NUM,Weather,TimeCP,1.373363018035889,318,75,0.000468,6.4286651611328125,/Users/leeway/PycharmProjects/InfTS-LLM/datasets/Weather/predict-Weather/predict_response.log,2025-09-15 04:27:02
180,FORECASTING_NUM,Weather,InfTS-LLM,1.444744110107422,441,98,0.000637,7.566208124160767,/Users/leeway/PycharmProjects/InfTS-LLM/datasets/Weather/predict-Weather/predict_response.log,2025-09-15 04:27:09
181,FORECASTING_NUM,Weather,InfTS-LLM,1.4733150005340576,441,60,0.000561,5.054129123687744,/Users/leeway/PycharmProjects/InfTS-LLM/datasets/Weather/predict-Weather/predict_response.log,2025-09-15 04:27:14
182,FORECASTING_NUM,Weather,InfTS-LLM,1.3937993049621582,441,62,0.000565,4.586411952972412,/Users/leeway/PycharmProjects/InfTS-LLM/datasets/Weather/predict-Weather/predict_response.log,2025-09-15 04:27:19
183,FORECASTING_NUM,Weather,InfTS-LLM,1.3703889846801758,441,59,0.000559,6.300260782241821,/Users/leeway/PycharmProjects/InfTS-LLM/datasets/Weather/predict-Weather/predict_response.log,2025-09-15 04:27:25
184,FORECASTING_NUM,Weather,InfTS-LLM,1.4686651229858398,441,1333,0.003107,83.17592310905457,/Users/leeway/PycharmProjects/InfTS-LLM/datasets/Weather/predict-Weather/predict_response.log,2025-09-15 04:28:49
185,FORECASTING_NUM,Weather,InfTS-LLM,1.445422887802124,441,61,0.000563,5.712405920028687,/Users/leeway/PycharmProjects/InfTS-LLM/datasets/Weather/predict-Weather/predict_response.log,2025-09-15 04:28:54
186,FORECASTING_NUM,Weather,InfTS-LLM,1.3586831092834473,441,58,0.000557,5.364293098449707,/Users/leeway/PycharmProjects/InfTS-LLM/datasets/Weather/predict-Weather/predict_response.log,2025-09-15 04:29:00
187,FORECASTING_NUM,Weather,InfTS-LLM,1.3710801601409912,441,1299,0.003039,79.17014718055725,/Users/leeway/PycharmProjects/InfTS-LLM/datasets/Weather/predict-Weather/predict_response.log,2025-09-15 04:30:19
188,FORECASTING_NUM,Weather,InfTS-LLM,1.5744986534118652,441,82,0.000605,7.690738916397095,/Users/leeway/PycharmProjects/InfTS-LLM/datasets/Weather/predict-Weather/predict_response.log,2025-09-15 04:30:27
189,FORECASTING_NUM,Weather,InfTS-LLM,1.331682205200195,441,60,0.000561,4.901201725006104,/Users/leeway/PycharmProjects/InfTS-LLM/datasets/Weather/predict-Weather/predict_response.log,2025-09-15 04:30:32
190,FORECASTING_NUM,Weather,InfTS-LLM,1.317553997039795,441,62,0.000565,4.969020128250122,/Users/leeway/PycharmProjects/InfTS-LLM/datasets/Weather/predict-Weather/predict_response.log,2025-09-15 04:30:37
191,FORECASTING_NUM,Weather,InfTS-LLM,1.2918272018432615,441,60,0.000561,4.9837188720703125,/Users/leeway/PycharmProjects/InfTS-LLM/datasets/Weather/predict-Weather/predict_response.log,2025-09-15 04:30:42
192,FORECASTING_NUM,Weather,InfTS-LLM,1.3424580097198486,441,63,0.000567,5.324645042419434,/Users/leeway/PycharmProjects/InfTS-LLM/datasets/Weather/predict-Weather/predict_response.log,2025-09-15 04:30:47
193,FORECASTING_NUM,Weather,InfTS-LLM,1.6691231727600098,441,204,0.0008489999999999,15.924976110458374,/Users/leeway/PycharmProjects/InfTS-LLM/datasets/Weather/predict-Weather/predict_response.log,2025-09-15 04:31:03
194,FORECASTING_NUM,Weather,InfTS-LLM,1.3737578392028809,441,1202,0.002845,79.39853596687317,/Users/leeway/PycharmProjects/InfTS-LLM/datasets/Weather/predict-Weather/predict_response.log,2025-09-15 04:32:22
195,FORECASTING_NUM,Weather,InfTS-LLM,1.5205469131469729,441,1202,0.002845,86.88088488578796,/Users/leeway/PycharmProjects/InfTS-LLM/datasets/Weather/predict-Weather/predict_response.log,2025-09-15 04:33:49
196,FORECASTING_NUM,Weather,InfTS-LLM,1.4083378314971924,441,95,0.000631,7.422555923461914,/Users/leeway/PycharmProjects/InfTS-LLM/datasets/Weather/predict-Weather/predict_response.log,2025-09-15 04:33:57
197,FORECASTING_NUM,Weather,InfTS-LLM,1.4991929531097412,441,101,0.000643,8.977556943893433,/Users/leeway/PycharmProjects/InfTS-LLM/datasets/Weather/predict-Weather/predict_response.log,2025-09-15 04:34:06
198,FORECASTING_NUM,Weather,InfTS-LLM,1.289863109588623,441,76,0.000593,6.60080623626709,/Users/leeway/PycharmProjects/InfTS-LLM/datasets/Weather/predict-Weather/predict_response.log,2025-09-15 04:34:12
199,FORECASTING_NUM,Weather,InfTS-LLM,1.3062903881072998,441,61,0.000563,5.134619951248169,/Users/leeway/PycharmProjects/InfTS-LLM/datasets/Weather/predict-Weather/predict_response.log,2025-09-15 04:34:18
200,FORECASTING_NUM,Weather,InfTS-LLM,1.3097572326660156,441,60,0.000561,5.100481986999512,/Users/leeway/PycharmProjects/InfTS-LLM/datasets/Weather/predict-Weather/predict_response.log,2025-09-15 04:34:23
201,FORECASTING_NUM,Weather,InfTS-LLM (+v),4.626266241073608,441,74,0.000589,9.481509923934937,/Users/leeway/PycharmProjects/InfTS-LLM/datasets/Weather/predict-Weather/predict_response.log,2025-09-15 04:34:32
202,FORECASTING_NUM,Weather,InfTS-LLM (+v),3.538559913635254,441,59,0.000559,7.15734601020813,/Users/leeway/PycharmProjects/InfTS-LLM/datasets/Weather/predict-Weather/predict_response.log,2025-09-15 04:34:39
203,FORECASTING_NUM,Weather,InfTS-LLM (+v),4.729223966598511,441,63,0.000567,8.160999059677124,/Users/leeway/PycharmProjects/InfTS-LLM/datasets/Weather/predict-Weather/predict_response.log,2025-09-15 04:34:48
204,FORECASTING_NUM,Weather,InfTS-LLM (+v),3.8264529705047607,441,164,0.0007689999999999,14.342175006866457,/Users/leeway/PycharmProjects/InfTS-LLM/datasets/Weather/predict-Weather/predict_response.log,2025-09-15 04:35:02
205,FORECASTING_NUM,Weather,InfTS-LLM (+v),4.54544997215271,441,61,0.000563,8.1718111038208,/Users/leeway/PycharmProjects/InfTS-LLM/datasets/Weather/predict-Weather/predict_response.log,2025-09-15 04:35:10
206,FORECASTING_NUM,Weather,InfTS-LLM (+v),3.934439897537232,441,59,0.000559,7.516357898712158,/Users/leeway/PycharmProjects/InfTS-LLM/datasets/Weather/predict-Weather/predict_response.log,2025-09-15 04:35:18
207,FORECASTING_NUM,Weather,InfTS-LLM (+v),4.6767542362213135,441,96,0.000633,11.416439056396484,/Users/leeway/PycharmProjects/InfTS-LLM/datasets/Weather/predict-Weather/predict_response.log,2025-09-15 04:35:29
208,FORECASTING_NUM,Weather,InfTS-LLM (+v),3.763707160949707,441,62,0.000565,7.956575155258179,/Users/leeway/PycharmProjects/InfTS-LLM/datasets/Weather/predict-Weather/predict_response.log,2025-09-15 04:35:37
209,FORECASTING_NUM,Weather,InfTS-LLM (+v),3.640007972717285,441,65,0.000571,7.700918912887573,/Users/leeway/PycharmProjects/InfTS-LLM/datasets/Weather/predict-Weather/predict_response.log,2025-09-15 04:35:45
210,FORECASTING_NUM,Weather,InfTS-LLM (+v),3.231592893600464,441,86,0.000613,9.21076512336731,/Users/leeway/PycharmProjects/InfTS-LLM/datasets/Weather/predict-Weather/predict_response.log,2025-09-15 04:35:54
211,FORECASTING_NUM,Weather,InfTS-LLM (+v),3.5460808277130127,441,62,0.000565,6.967178106307983,/Users/leeway/PycharmProjects/InfTS-LLM/datasets/Weather/predict-Weather/predict_response.log,2025-09-15 04:36:01
212,FORECASTING_NUM,Weather,InfTS-LLM (+v),4.106388807296753,441,60,0.000561,7.895451068878174,/Users/leeway/PycharmProjects/InfTS-LLM/datasets/Weather/predict-Weather/predict_response.log,2025-09-15 04:36:09
213,FORECASTING_NUM,Weather,InfTS-LLM (+v),3.155482769012451,441,60,0.000561,6.624430179595947,/Users/leeway/PycharmProjects/InfTS-LLM/datasets/Weather/predict-Weather/predict_response.log,2025-09-15 04:36:16
214,FORECASTING_NUM,Weather,InfTS-LLM (+v),3.749858856201172,441,59,0.000559,7.809082746505737,/Users/leeway/PycharmProjects/InfTS-LLM/datasets/Weather/predict-Weather/predict_response.log,2025-09-15 04:36:24
215,FORECASTING_NUM,Weather,InfTS-LLM (+v),4.825402021408081,441,141,0.000723,13.70504879951477,/Users/leeway/PycharmProjects/InfTS-LLM/datasets/Weather/predict-Weather/predict_response.log,2025-09-15 04:36:38
216,FORECASTING_NUM,Weather,InfTS-LLM (+v),3.671723127365112,441,1202,0.002845,81.58526182174683,/Users/leeway/PycharmProjects/InfTS-LLM/datasets/Weather/predict-Weather/predict_response.log,2025-09-15 04:37:59
217,FORECASTING_NUM,Weather,InfTS-LLM (+v),3.847778081893921,441,60,0.000561,7.273795127868652,/Users/leeway/PycharmProjects/InfTS-LLM/datasets/Weather/predict-Weather/predict_response.log,2025-09-15 04:38:06
218,FORECASTING_NUM,Weather,InfTS-LLM (+v),4.181636095046997,441,76,0.000593,10.728254079818726,/Users/leeway/PycharmProjects/InfTS-LLM/datasets/Weather/predict-Weather/predict_response.log,2025-09-15 04:38:17
219,FORECASTING_NUM,Weather,InfTS-LLM (+v),3.78161096572876,441,98,0.000637,10.641335010528564,/Users/leeway/PycharmProjects/InfTS-LLM/datasets/Weather/predict-Weather/predict_response.log,2025-09-15 04:38:28
220,FORECASTING_NUM,Weather,InfTS-LLM (+v),3.657335042953491,441,60,0.000561,6.849173069000244,/Users/leeway/PycharmProjects/InfTS-LLM/datasets/Weather/predict-Weather/predict_response.log,2025-09-15 04:38:35
221,FORECASTING_NUM,Weather,InfTS-LLM (+v),3.565139055252075,441,75,0.0005909999999999,8.377723932266235,/Users/leeway/PycharmProjects/InfTS-LLM/datasets/Weather/predict-Weather/predict_response.log,2025-09-15 04:38:43
222,FORECASTING_EVENT,Healthcare_positive,TimeCAP,2.576465845108032,315,23,0.000361,3.077908992767334,/Users/leeway/PycharmProjects/InfTS-LLM/datasets/Healthcare_positive/predict-Healthcare_positive/predict_response.log,2025-09-15 04:38:46
223,FORECASTING_EVENT,Healthcare_positive,TimeCAP,2.240265130996704,315,23,0.000361,2.857771873474121,/Users/leeway/PycharmProjects/InfTS-LLM/datasets/Healthcare_positive/predict-Healthcare_positive/predict_response.log,2025-09-15 04:38:49
224,FORECASTING_EVENT,Healthcare_positive,TimeCAP,2.09562087059021,315,23,0.000361,3.099972009658813,/Users/leeway/PycharmProjects/InfTS-LLM/datasets/Healthcare_positive/predict-Healthcare_positive/predict_response.log,2025-09-15 04:38:52
225,FORECASTING_EVENT,Healthcare_positive,TimeCAP,2.044381856918335,315,23,0.000361,2.758216857910156,/Users/leeway/PycharmProjects/InfTS-LLM/datasets/Healthcare_positive/predict-Healthcare_positive/predict_response.log,2025-09-15 04:38:55
226,FORECASTING_EVENT,Healthcare_positive,TimeCAP,2.324810028076172,315,23,0.000361,3.044311046600342,/Users/leeway/PycharmProjects/InfTS-LLM/datasets/Healthcare_positive/predict-Healthcare_positive/predict_response.log,2025-09-15 04:38:58
227,FORECASTING_EVENT,Healthcare_positive,TimeCAP,2.2701640129089355,315,23,0.000361,3.0962958335876465,/Users/leeway/PycharmProjects/InfTS-LLM/datasets/Healthcare_positive/predict-Healthcare_positive/predict_response.log,2025-09-15 04:39:01
228,FORECASTING_EVENT,Healthcare_positive,InfTS-LLM,2.4009809494018555,477,25,0.000527,3.0856528282165527,/Users/leeway/PycharmProjects/InfTS-LLM/datasets/Healthcare_positive/predict-Healthcare_positive/predict_response.log,2025-09-15 04:39:04
229,FORECASTING_EVENT,Healthcare_positive,InfTS-LLM,2.402371644973755,477,19,0.000515,3.0680530071258545,/Users/leeway/PycharmProjects/InfTS-LLM/datasets/Healthcare_positive/predict-Healthcare_positive/predict_response.log,2025-09-15 04:39:08
230,FORECASTING_EVENT,Healthcare_positive,InfTS-LLM,2.156453847885132,477,21,0.000519,2.79435396194458,/Users/leeway/PycharmProjects/InfTS-LLM/datasets/Healthcare_positive/predict-Healthcare_positive/predict_response.log,2025-09-15 04:39:10
231,FORECASTING_EVENT,Healthcare_positive,InfTS-LLM,1.9429500102996824,477,21,0.000519,2.739233016967773,/Users/leeway/PycharmProjects/InfTS-LLM/datasets/Healthcare_positive/predict-Healthcare_positive/predict_response.log,2025-09-15 04:39:13
232,FORECASTING_EVENT,Healthcare_positive,InfTS-LLM,2.044039964675904,477,24,0.000525,2.589958906173706,/Users/leeway/PycharmProjects/InfTS-LLM/datasets/Healthcare_positive/predict-Healthcare_positive/predict_response.log,2025-09-15 04:39:16
233,FORECASTING_EVENT,Healthcare_positive,InfTS-LLM,1.9103522300720213,477,21,0.000519,2.5681331157684326,/Users/leeway/PycharmProjects/InfTS-LLM/datasets/Healthcare_positive/predict-Healthcare_positive/predict_response.log,2025-09-15 04:39:18
234,FORECASTING_EVENT,Healthcare_positive,InfTS-LLM (+v),5.913007020950317,477,14,0.000505,6.584538221359253,/Users/leeway/PycharmProjects/InfTS-LLM/datasets/Healthcare_positive/predict-Healthcare_positive/predict_response.log,2025-09-15 04:39:25
235,FORECASTING_EVENT,Healthcare_positive,InfTS-LLM (+v),5.777219772338867,477,18,0.000513,6.439656019210815,/Users/leeway/PycharmProjects/InfTS-LLM/datasets/Healthcare_positive/predict-Healthcare_positive/predict_response.log,2025-09-15 04:39:31
236,FORECASTING_EVENT,Healthcare_positive,InfTS-LLM (+v),4.331156969070435,477,18,0.000513,5.071257829666138,/Users/leeway/PycharmProjects/InfTS-LLM/datasets/Healthcare_positive/predict-Healthcare_positive/predict_response.log,2025-09-15 04:39:37
237,FORECASTING_EVENT,Healthcare_positive,InfTS-LLM (+v),4.278187990188599,477,16,0.000509,4.957727909088135,/Users/leeway/PycharmProjects/InfTS-LLM/datasets/Healthcare_positive/predict-Healthcare_positive/predict_response.log,2025-09-15 04:39:42
238,FORECASTING_EVENT,Healthcare_positive,InfTS-LLM (+v),5.146038055419922,477,21,0.000519,5.914810180664063,/Users/leeway/PycharmProjects/InfTS-LLM/datasets/Healthcare_positive/predict-Healthcare_positive/predict_response.log,2025-09-15 04:39:47
239,FORECASTING_EVENT,Healthcare_positive,InfTS-LLM (+v),4.93545389175415,477,14,0.000505,5.599503040313721,/Users/leeway/PycharmProjects/InfTS-LLM/datasets/Healthcare_positive/predict-Healthcare_positive/predict_response.log,2025-09-15 04:39:53
240,FORECASTING_EVENT,Weather_sf,TimeCAP,1.3549213409423828,224,11,0.000246,1.8295626640319824,/Users/leeway/PycharmProjects/InfTS-LLM/datasets/Weather_sf/predict-Weather_sf/predict_response.log,2025-09-15 04:39:55
241,FORECASTING_EVENT,Weather_sf,TimeCAP,1.2934060096740725,224,11,0.000246,1.807672977447509,/Users/leeway/PycharmProjects/InfTS-LLM/datasets/Weather_sf/predict-Weather_sf/predict_response.log,2025-09-15 04:39:57
242,FORECASTING_EVENT,Weather_sf,TimeCAP,1.2923729419708252,224,11,0.000246,1.7856531143188477,/Users/leeway/PycharmProjects/InfTS-LLM/datasets/Weather_sf/predict-Weather_sf/predict_response.log,2025-09-15 04:39:59
243,FORECASTING_EVENT,Weather_sf,TimeCAP,1.3666560649871826,224,11,0.000246,1.9085040092468264,/Users/leeway/PycharmProjects/InfTS-LLM/datasets/Weather_sf/predict-Weather_sf/predict_response.log,2025-09-15 04:40:01
244,FORECASTING_EVENT,Weather_sf,TimeCAP,1.2923038005828855,224,11,0.000246,1.8388328552246087,/Users/leeway/PycharmProjects/InfTS-LLM/datasets/Weather_sf/predict-Weather_sf/predict_response.log,2025-09-15 04:40:03
245,FORECASTING_EVENT,Weather_sf,InfTS-LLM,1.4400231838226318,386,13,0.000412,2.0760369300842285,/Users/leeway/PycharmProjects/InfTS-LLM/datasets/Weather_sf/predict-Weather_sf/predict_response.log,2025-09-15 04:40:05
246,FORECASTING_EVENT,Weather_sf,InfTS-LLM,1.384108066558838,386,13,0.000412,1.8958170413970947,/Users/leeway/PycharmProjects/InfTS-LLM/datasets/Weather_sf/predict-Weather_sf/predict_response.log,2025-09-15 04:40:07
247,FORECASTING_EVENT,Weather_sf,InfTS-LLM,1.3296151161193848,386,13,0.000412,1.984148979187012,/Users/leeway/PycharmProjects/InfTS-LLM/datasets/Weather_sf/predict-Weather_sf/predict_response.log,2025-09-15 04:40:09
248,FORECASTING_EVENT,Weather_sf,InfTS-LLM,1.2223219871520996,386,13,0.000412,1.8250911235809328,/Users/leeway/PycharmProjects/InfTS-LLM/datasets/Weather_sf/predict-Weather_sf/predict_response.log,2025-09-15 04:40:11
249,FORECASTING_EVENT,Weather_sf,InfTS-LLM,1.2555179595947266,386,13,0.000412,1.9123411178588867,/Users/leeway/PycharmProjects/InfTS-LLM/datasets/Weather_sf/predict-Weather_sf/predict_response.log,2025-09-15 04:40:13
250,FORECASTING_EVENT,Weather_sf,InfTS-LLM (+v),6.242975950241089,386,15,0.000416,7.025269031524658,/Users/leeway/PycharmProjects/InfTS-LLM/datasets/Weather_sf/predict-Weather_sf/predict_response.log,2025-09-15 04:40:21
251,FORECASTING_EVENT,Weather_sf,InfTS-LLM (+v),5.143737077713013,386,13,0.000412,5.830713748931885,/Users/leeway/PycharmProjects/InfTS-LLM/datasets/Weather_sf/predict-Weather_sf/predict_response.log,2025-09-15 04:40:27
252,FORECASTING_EVENT,Weather_sf,InfTS-LLM (+v),7.285606861114502,386,15,0.000416,8.208126068115234,/Users/leeway/PycharmProjects/InfTS-LLM/datasets/Weather_sf/predict-Weather_sf/predict_response.log,2025-09-15 04:40:35
253,FORECASTING_EVENT,Weather_sf,InfTS-LLM (+v),6.582449913024902,386,15,0.000416,7.334166049957275,/Users/leeway/PycharmProjects/InfTS-LLM/datasets/Weather_sf/predict-Weather_sf/predict_response.log,2025-09-15 04:40:42
254,FORECASTING_EVENT,Weather_sf,InfTS-LLM (+v),6.791289806365967,386,15,0.000416,7.53358006477356,/Users/leeway/PycharmProjects/InfTS-LLM/datasets/Weather_sf/predict-Weather_sf/predict_response.log,2025-09-15 04:40:50
255,FORECASTING_EVENT,Weather_hs,TimeCAP,1.3230438232421875,224,11,0.000246,1.8838489055633545,/Users/leeway/PycharmProjects/InfTS-LLM/datasets/Weather_hs/predict-Weather_hs/predict_response.log,2025-09-15 04:40:52
256,FORECASTING_EVENT,Weather_hs,TimeCAP,1.2220509052276611,224,11,0.000246,1.8124358654022217,/Users/leeway/PycharmProjects/InfTS-LLM/datasets/Weather_hs/predict-Weather_hs/predict_response.log,2025-09-15 04:40:54
257,FORECASTING_EVENT,Weather_hs,TimeCAP,1.3021457195281982,224,11,0.000246,1.7904558181762695,/Users/leeway/PycharmProjects/InfTS-LLM/datasets/Weather_hs/predict-Weather_hs/predict_response.log,2025-09-15 04:40:56
258,FORECASTING_EVENT,Weather_hs,TimeCAP,1.5603790283203125,224,9,0.000242,2.054243803024292,/Users/leeway/PycharmProjects/InfTS-LLM/datasets/Weather_hs/predict-Weather_hs/predict_response.log,2025-09-15 04:40:58
259,FORECASTING_EVENT,Weather_hs,TimeCAP,1.287128210067749,224,11,0.000246,1.817087888717652,/Users/leeway/PycharmProjects/InfTS-LLM/datasets/Weather_hs/predict-Weather_hs/predict_response.log,2025-09-15 04:41:00
260,FORECASTING_EVENT,Weather_hs,InfTS-LLM,1.4667470455169678,386,13,0.000412,1.919132947921753,/Users/leeway/PycharmProjects/InfTS-LLM/datasets/Weather_hs/predict-Weather_hs/predict_response.log,2025-09-15 04:41:02
261,FORECASTING_EVENT,Weather_hs,InfTS-LLM,1.2836730480194092,386,13,0.000412,1.9674148559570312,/Users/leeway/PycharmProjects/InfTS-LLM/datasets/Weather_hs/predict-Weather_hs/predict_response.log,2025-09-15 04:41:04
262,FORECASTING_EVENT,Weather_hs,InfTS-LLM,1.3731441497802734,386,13,0.000412,1.9069182872772217,/Users/leeway/PycharmProjects/InfTS-LLM/datasets/Weather_hs/predict-Weather_hs/predict_response.log,2025-09-15 04:41:07
263,FORECASTING_EVENT,Weather_hs,InfTS-LLM,1.4170379638671875,386,13,0.000412,1.8797149658203125,/Users/leeway/PycharmProjects/InfTS-LLM/datasets/Weather_hs/predict-Weather_hs/predict_response.log,2025-09-15 04:41:09
264,FORECASTING_EVENT,Weather_hs,InfTS-LLM,1.4130167961120603,386,13,0.000412,1.9045729637146,/Users/leeway/PycharmProjects/InfTS-LLM/datasets/Weather_hs/predict-Weather_hs/predict_response.log,2025-09-15 04:41:11
265,FORECASTING_EVENT,Weather_hs,InfTS-LLM (+v),5.718904972076416,386,12,0.00041,6.524461030960083,/Users/leeway/PycharmProjects/InfTS-LLM/datasets/Weather_hs/predict-Weather_hs/predict_response.log,2025-09-15 04:41:17
266,FORECASTING_EVENT,Weather_hs,InfTS-LLM (+v),6.8110339641571045,386,12,0.00041,7.55869197845459,/Users/leeway/PycharmProjects/InfTS-LLM/datasets/Weather_hs/predict-Weather_hs/predict_response.log,2025-09-15 04:41:25
267,FORECASTING_EVENT,Weather_hs,InfTS-LLM (+v),5.433992147445679,386,12,0.00041,6.269541025161743,/Users/leeway/PycharmProjects/InfTS-LLM/datasets/Weather_hs/predict-Weather_hs/predict_response.log,2025-09-15 04:41:31
268,FORECASTING_EVENT,Weather_hs,InfTS-LLM (+v),6.519037246704102,386,12,0.00041,7.212264060974121,/Users/leeway/PycharmProjects/InfTS-LLM/datasets/Weather_hs/predict-Weather_hs/predict_response.log,2025-09-15 04:41:39
269,FORECASTING_EVENT,Weather_hs,InfTS-LLM (+v),4.874445915222168,386,12,0.00041,5.543648958206177,/Users/leeway/PycharmProjects/InfTS-LLM/datasets/Weather_hs/predict-Weather_hs/predict_response.log,2025-09-15 04:41:44
270,FORECASTING_EVENT,Healthcare_mortality,TimeCAP,2.1212751865386963,272,18,0.000308,2.5951685905456543,/Users/leeway/PycharmProjects/InfTS-LLM/datasets/Healthcare_mortality/predict-Healthcare_mortality/predict_response.log,2025-09-15 04:41:47
271,FORECASTING_EVENT,Healthcare_mortality,TimeCAP,2.055815935134888,272,18,0.000308,2.54238510131836,/Users/leeway/PycharmProjects/InfTS-LLM/datasets/Healthcare_mortality/predict-Healthcare_mortality/predict_response.log,2025-09-15 04:41:50
272,FORECASTING_EVENT,Healthcare_mortality,TimeCAP,1.5391950607299805,272,18,0.000308,2.0868589878082275,/Users/leeway/PycharmProjects/InfTS-LLM/datasets/Healthcare_mortality/predict-Healthcare_mortality/predict_response.log,2025-09-15 04:41:52
273,FORECASTING_EVENT,Healthcare_mortality,TimeCAP,1.8093183040618896,272,18,0.000308,2.4190337657928467,/Users/leeway/PycharmProjects/InfTS-LLM/datasets/Healthcare_mortality/predict-Healthcare_mortality/predict_response.log,2025-09-15 04:41:54
274,FORECASTING_EVENT,Healthcare_mortality,InfTS-LLM,2.035489082336426,434,20,0.000474,2.728320837020874,/Users/leeway/PycharmProjects/InfTS-LLM/datasets/Healthcare_mortality/predict-Healthcare_mortality/predict_response.log,2025-09-15 04:41:57
275,FORECASTING_EVENT,Healthcare_mortality,InfTS-LLM,1.9421586990356443,434,20,0.000474,2.566670179367065,/Users/leeway/PycharmProjects/InfTS-LLM/datasets/Healthcare_mortality/predict-Healthcare_mortality/predict_response.log,2025-09-15 04:42:00
276,FORECASTING_EVENT,Healthcare_mortality,InfTS-LLM,1.7432942390441897,434,20,0.000474,2.4900619983673096,/Users/leeway/PycharmProjects/InfTS-LLM/datasets/Healthcare_mortality/predict-Healthcare_mortality/predict_response.log,2025-09-15 04:42:02
277,FORECASTING_EVENT,Healthcare_mortality,InfTS-LLM,1.81434178352356,434,20,0.000474,2.574941873550415,/Users/leeway/PycharmProjects/InfTS-LLM/datasets/Healthcare_mortality/predict-Healthcare_mortality/predict_response.log,2025-09-15 04:42:05
278,FORECASTING_EVENT,Healthcare_mortality,InfTS-LLM (+v),4.682538032531738,434,20,0.000474,5.510699987411499,/Users/leeway/PycharmProjects/InfTS-LLM/datasets/Healthcare_mortality/predict-Healthcare_mortality/predict_response.log,2025-09-15 04:42:10
279,FORECASTING_EVENT,Healthcare_mortality,InfTS-LLM (+v),2.99851393699646,434,20,0.000474,3.563010931015014,/Users/leeway/PycharmProjects/InfTS-LLM/datasets/Healthcare_mortality/predict-Healthcare_mortality/predict_response.log,2025-09-15 04:42:14
280,FORECASTING_EVENT,Healthcare_mortality,InfTS-LLM (+v),3.844690799713135,434,18,0.00047,4.413345098495483,/Users/leeway/PycharmProjects/InfTS-LLM/datasets/Healthcare_mortality/predict-Healthcare_mortality/predict_response.log,2025-09-15 04:42:18
281,FORECASTING_EVENT,Healthcare_mortality,InfTS-LLM (+v),3.333409070968628,434,18,0.00047,3.972334146499634,/Users/leeway/PycharmProjects/InfTS-LLM/datasets/Healthcare_mortality/predict-Healthcare_mortality/predict_response.log,2025-09-15 04:42:22
